"salespersonname","avgsales"
"Rahul","99666.666666666667"
"Sneha","121666.666666666667"
"Amit","106400.000000000000"
"Vikram","255000.000000000000"
"Priya","103428.571428571429"
